Supplemental Table 4 - Gene promoter classification among colorectal samples,,,,,,,
,,,,,,,
Probe ID,Gene Symbol,Gene ID,Normal adjacent  mean beta-value,Tumor mean beta-value,Normal vs. tumor FDR-adjusted P value,ES cell histone marks,Gene category
cg27003571,GTDC1,79712,0.75,0.75,1,None,Constitutively High
cg26757673,IL2RB,3560,0.85,0.83,1,None,Constitutively High
cg21242004,VTI1A,143187,0.71,0.71,1,K4,Constitutively High
cg20520365,C20orf144,128864,0.94,0.94,1,K4,Constitutively High
cg18841952,GPR115,221393,0.74,0.72,1,NA,Constitutively High
cg17758148,JMY,133746,0.84,0.84,1,NA,Constitutively High
cg16873863,SLC22A18,5002,0.61,0.60,1,None,Constitutively High
cg16545105,CRHBP,1393,0.77,0.77,1,K4+K27,Constitutively High
cg15551881,TRAF1,7185,0.76,0.74,1,None,Constitutively High
cg15296858,PPM1G,5496,0.89,0.88,1,NA,Constitutively High
cg10235741,DNASE1L3,1776,0.88,0.88,1,None,Constitutively High
cg06263943,CACNA1H,8912,0.63,0.62,1,NA,Constitutively High
cg06084117,PLXNA4,91584,0.84,0.82,1,NA,Constitutively High
cg04710641,RDBP,7936,0.89,0.89,1,K4,Constitutively High
cg04398275,SBNO1,55206,0.82,0.82,1,None,Constitutively High
cg01991150,CHRM4,1132,0.88,0.88,1,None,Constitutively High
cg01265637,C20orf141,128653,0.87,0.87,1,None,Constitutively High
cg24959428,GBP6,163351,0.75,0.73,0.9916635412608,None,Constitutively High
cg24516901,FAM124B,79843,0.54,0.54,0.9916635412608,None,Constitutively High
cg22378065,PLAGL1,5325,0.77,0.77,0.9916635412608,K27,Constitutively High
cg21710060,GRK1,6011,0.91,0.90,0.9916635412608,None,Constitutively High
cg21495715,SLC5A10,125206,0.64,0.63,0.9916635412608,NA,Constitutively High
cg21484964,C15orf24,56851,0.89,0.89,0.9916635412608,K4,Constitutively High
cg20158826,CCS,9973,0.80,0.80,0.9916635412608,K4,Constitutively High
cg18787783,MMP19,4327,0.69,0.68,0.9916635412608,K4,Constitutively High
cg15727320,P11,8909,0.83,0.83,0.9916635412608,None,Constitutively High
cg15534366,CDH4,1002,0.72,0.72,0.9916635412608,NA,Constitutively High
cg15352829,PLD4,122618,0.80,0.80,0.9916635412608,None,Constitutively High
cg15166050,LCTL,197021,0.92,0.92,0.9916635412608,K4,Constitutively High
cg09624565,NCF4,4689,0.64,0.63,0.9916635412608,None,Constitutively High
cg04833845,KCNN4,3783,0.58,0.56,0.9916635412608,NA,Constitutively High
cg01344518,RGS11,8786,0.59,0.58,0.9916635412608,NA,Constitutively High
cg27235662,CLDN16,10686,0.75,0.75,0.981895213584516,None,Constitutively High
cg25443975,BRSK1,84446,0.86,0.85,0.981895213584516,NA,Constitutively High
cg25141490,IL17B,27190,0.65,0.64,0.981895213584516,None,Constitutively High
cg24457403,KRT16,3868,0.78,0.77,0.981895213584516,NA,Constitutively High
cg24248317,C2orf18,54978,0.88,0.88,0.981895213584516,NA,Constitutively High
cg23352695,EVI2A,2123,0.63,0.62,0.981895213584516,None,Constitutively High
cg22875391,TPRG1,285386,0.81,0.81,0.981895213584516,None,Constitutively High
cg19815589,C11orf76,220070,0.78,0.78,0.981895213584516,NA,Constitutively High
cg18738906,SCNN1A,6337,0.61,0.60,0.981895213584516,K4,Constitutively High
cg18204685,BTD,686,0.73,0.72,0.981895213584516,K4,Constitutively High
cg18199266,CLEC4F,165530,0.79,0.79,0.981895213584516,None,Constitutively High
cg17605084,NCKAP1L,3071,0.57,0.56,0.981895213584516,None,Constitutively High
cg16601385,CFD,1675,0.63,0.62,0.981895213584516,NA,Constitutively High
cg15178040,GSTA5,221357,0.83,0.83,0.981895213584516,NA,Constitutively High
cg12556134,TGIF2,60436,0.53,0.52,0.981895213584516,K4,Constitutively High
cg11481351,FNDC7,163479,0.77,0.77,0.981895213584516,None,Constitutively High
cg09599653,ARL11,115761,0.87,0.87,0.981895213584516,NA,Constitutively High
cg06941093,GLIS1,148979,0.83,0.80,0.981895213584516,None,Constitutively High
cg05869585,PMM2,5373,0.93,0.93,0.981895213584516,K4,Constitutively High
cg04189838,CYP2C19,1557,0.82,0.82,0.981895213584516,NA,Constitutively High
cg02309431,BPIL3,128859,0.84,0.82,0.981895213584516,NA,Constitutively High
cg01703884,MYO1H,283446,0.84,0.83,0.981895213584516,NA,Constitutively High
cg01040850,MR1,3140,0.62,0.60,0.981895213584516,None,Constitutively High
cg00447208,TMC8,147138,0.62,0.62,0.981895213584516,NA,Constitutively High
cg25953146,C2orf27B,408029,0.67,0.66,0.974573214635676,NA,Constitutively High
cg25813714,CYP4F12,66002,0.80,0.78,0.974573214635676,NA,Constitutively High
cg24914244,RTN4IP1,84816,0.78,0.77,0.974573214635676,K4,Constitutively High
cg24871743,DIRAS3,9077,0.55,0.55,0.974573214635676,NA,Constitutively High
cg23674882,LOXL3,84695,0.61,0.61,0.974573214635676,K4+K27,Constitutively High
cg23178308,PDXK,8566,0.60,0.59,0.974573214635676,NA,Constitutively High
cg21418076,LTB4R2,56413,0.91,0.91,0.974573214635676,None,Constitutively High
cg21092324,MMRN1,22915,0.51,0.52,0.974573214635676,None,Constitutively High
cg19954000,FGF1,2246,0.63,0.64,0.974573214635676,None,Constitutively High
cg19770955,DUS4L,11062,0.51,0.51,0.974573214635676,K4,Constitutively High
cg19149785,KLK8,11202,0.69,0.69,0.974573214635676,NA,Constitutively High
cg18915143,PDE6A,5145,0.89,0.89,0.974573214635676,None,Constitutively High
cg17947599,ACOXL,55289,0.87,0.87,0.974573214635676,None,Constitutively High
cg17386181,MT1B,4490,0.71,0.71,0.974573214635676,None,Constitutively High
cg15952725,CELA2A,63036,0.83,0.82,0.974573214635676,NA,Constitutively High
cg12530270,DCST1,149095,0.94,0.94,0.974573214635676,None,Constitutively High
cg12424907,TAS2R20,259295,0.94,0.93,0.974573214635676,NA,Constitutively High
cg10490064,CRYBB2,1415,0.75,0.74,0.974573214635676,None,Constitutively High
cg10031456,RASGRP3,25780,0.75,0.74,0.974573214635676,None,Constitutively High
cg07453748,MGMT,4255,0.90,0.88,0.974573214635676,NA,Constitutively High
cg04991214,PFDN2,5202,0.69,0.68,0.974573214635676,K4,Constitutively High
cg04087608,HSD3B2,3284,0.81,0.80,0.974573214635676,None,Constitutively High
cg03670238,WISP1,8840,0.58,0.58,0.974573214635676,NA,Constitutively High
cg02332537,RTP3,83597,0.62,0.61,0.974573214635676,None,Constitutively High
cg02119982,NOD2,64127,0.80,0.79,0.974573214635676,None,Constitutively High
cg01459162,PADI3,51702,0.78,0.76,0.974573214635676,NA,Constitutively High
cg00101227,MPZ,4359,0.76,0.75,0.974573214635676,NA,Constitutively High
cg25919221,CA6,765,0.69,0.68,0.966520570743947,None,Constitutively High
cg25548825,TBX10,347853,0.86,0.85,0.966520570743947,K27,Constitutively High
cg25423111,TSSK4,283629,0.80,0.80,0.966520570743947,None,Constitutively High
cg20672044,HPR,3250,0.89,0.89,0.966520570743947,NA,Constitutively High
cg19668234,PRSS50,29122,0.63,0.62,0.966520570743947,None,Constitutively High
cg18184219,CEP170,9859,0.82,0.81,0.966520570743947,NA,Constitutively High
cg17272094,C3orf45,132228,0.83,0.82,0.966520570743947,None,Constitutively High
cg15258980,ARHGAP25,9938,0.68,0.68,0.966520570743947,None,Constitutively High
cg12815142,SPAG7,9552,0.64,0.64,0.966520570743947,NA,Constitutively High
cg11876012,SNRNP25,79622,0.91,0.91,0.966520570743947,K4,Constitutively High
cg11600161,TBC1D10C,374403,0.79,0.79,0.966520570743947,None,Constitutively High
cg11429658,ABCC13,150000,0.58,0.60,0.966520570743947,NA,Constitutively High
cg11024597,C2orf40,84417,0.78,0.78,0.966520570743947,NA,Constitutively High
cg08828036,ATP10A,57194,0.75,0.74,0.966520570743947,K4+K27,Constitutively High
cg08452348,CATSPER3,347732,0.94,0.94,0.966520570743947,None,Constitutively High
cg08176694,PITPNM2,57605,0.78,0.78,0.966520570743947,NA,Constitutively High
cg06812844,TRPM2,7226,0.74,0.73,0.966520570743947,None,Constitutively High
cg06641366,LRRC8C,84230,0.80,0.78,0.966520570743947,NA,Constitutively High
cg02762689,GUCA1B,2979,0.51,0.52,0.966520570743947,NA,Constitutively High
cg01184449,EML4,27436,0.57,0.57,0.966520570743947,K4,Constitutively High
cg21366834,CCR4,1233,0.86,0.86,0.957831097834504,NA,Constitutively High
cg21226234,LRRC14,9684,0.87,0.87,0.957831097834504,K4,Constitutively High
cg19058765,APOH,350,0.76,0.76,0.957831097834504,NA,Constitutively High
cg17936488,FAM78A,286336,0.62,0.62,0.957831097834504,K4+K27,Constitutively High
cg17574251,FNDC8,54752,0.90,0.90,0.957831097834504,None,Constitutively High
cg16540704,ASZ1,136991,0.91,0.90,0.957831097834504,None,Constitutively High
cg09864712,RHBDL1,9028,0.72,0.71,0.957831097834504,None,Constitutively High
cg09737668,SLAMF9,89886,0.87,0.86,0.957831097834504,None,Constitutively High
cg09298484,TSGA10,80705,0.60,0.61,0.957831097834504,K4,Constitutively High
cg05291178,C3orf24,115795,0.89,0.89,0.957831097834504,None,Constitutively High
cg24743310,SLC47A2,146802,0.91,0.91,0.948369996693538,None,Constitutively High
cg24447890,LMAN1L,79748,0.77,0.77,0.948369996693538,None,Constitutively High
cg22675150,TUBA3C,7278,0.76,0.76,0.948369996693538,None,Constitutively High
cg22054164,ECE1,1889,0.67,0.67,0.948369996693538,NA,Constitutively High
cg14896003,RASSF7,8045,0.87,0.86,0.948369996693538,K4,Constitutively High
cg14119236,FGF23,8074,0.63,0.63,0.948369996693538,None,Constitutively High
cg12775479,IGSF10,285313,0.89,0.88,0.948369996693538,None,Constitutively High
cg12727795,PDGFRB,5159,0.53,0.52,0.948369996693538,K4,Constitutively High
cg11095315,PABPN1,8106,0.87,0.87,0.948369996693538,K4,Constitutively High
cg10334928,STON2,85439,0.88,0.87,0.948369996693538,None,Constitutively High
cg09280976,MEG3,55384,0.62,0.61,0.948369996693538,NA,Constitutively High
cg07883333,F11R,50848,0.95,0.95,0.948369996693538,NA,Constitutively High
cg05890484,BHMT,635,0.54,0.54,0.948369996693538,K4+K27,Constitutively High
cg05023116,NLRP5,126206,0.93,0.93,0.948369996693538,None,Constitutively High
cg04916980,PCBD1,5092,0.68,0.68,0.948369996693538,NA,Constitutively High
cg04712892,NRAP,4892,0.90,0.90,0.948369996693538,None,Constitutively High
cg04275881,SLAMF8,56833,0.65,0.64,0.948369996693538,None,Constitutively High
cg01255591,R3HDML,140902,0.84,0.82,0.948369996693538,None,Constitutively High
cg00095526,CACNA1S,779,0.72,0.72,0.948369996693538,None,Constitutively High
cg00022866,CCDC88B,283234,0.67,0.68,0.948369996693538,K4,Constitutively High
cg27149093,SLC41A2,84102,0.78,0.79,0.938651349957749,None,Constitutively High
cg25411725,SLC22A13,9390,0.80,0.81,0.938651349957749,NA,Constitutively High
cg24192663,HSPA6,3310,0.86,0.85,0.938651349957749,NA,Constitutively High
cg18908499,C1orf150,148823,0.63,0.63,0.938651349957749,None,Constitutively High
cg18621299,EVL,51466,0.57,0.56,0.938651349957749,None,Constitutively High
cg17786776,FKBP9,11328,0.54,0.53,0.938651349957749,NA,Constitutively High
cg16465769,SLC22A7,10864,0.83,0.82,0.938651349957749,None,Constitutively High
cg15750705,GJB4,127534,0.93,0.93,0.938651349957749,None,Constitutively High
cg15448245,GGT5,2687,0.66,0.66,0.938651349957749,NA,Constitutively High
cg14145194,ICAM3,3385,0.67,0.67,0.938651349957749,None,Constitutively High
cg13650156,PILRA,29992,0.69,0.66,0.938651349957749,NA,Constitutively High
cg09258965,TBC1D7,51256,0.78,0.78,0.938651349957749,NA,Constitutively High
cg09088576,CSF3R,1441,0.63,0.63,0.938651349957749,None,Constitutively High
cg07084746,C3orf27,23434,0.77,0.78,0.938651349957749,None,Constitutively High
cg07056057,DYNLL2,140735,0.75,0.74,0.938651349957749,NA,Constitutively High
cg06682185,SERPINB5,5268,0.79,0.79,0.938651349957749,NA,Constitutively High
cg05016508,FLRT1,23769,0.96,0.96,0.938651349957749,None,Constitutively High
cg04143809,SLC38A11,151258,0.74,0.72,0.938651349957749,K4+K27,Constitutively High
cg02351381,C12orf34,84915,0.58,0.59,0.938651349957749,None,Constitutively High
cg01321151,AP2A2,161,0.53,0.53,0.938651349957749,K4,Constitutively High
cg00551244,C8orf78,157376,0.82,0.81,0.938651349957749,NA,Constitutively High
cg26317111,UBE2U,148581,0.96,0.96,0.928772602018312,None,Constitutively High
cg23075286,GALP,85569,0.71,0.69,0.928772602018312,None,Constitutively High
cg22197830,TXNDC15,79770,0.70,0.69,0.928772602018312,K4,Constitutively High
cg14365123,ACTRT2,140625,0.89,0.88,0.928772602018312,None,Constitutively High
cg14027234,CD248,57124,0.62,0.63,0.928772602018312,None,Constitutively High
cg13273136,PSD4,23550,0.76,0.74,0.928772602018312,None,Constitutively High
cg10516359,SLC35C1,55343,0.91,0.87,0.928772602018312,K4,Constitutively High
cg10134939,FAM176A,84141,0.67,0.67,0.928772602018312,None,Constitutively High
cg09296212,NAIF1,203245,0.80,0.79,0.928772602018312,K4,Constitutively High
cg08835688,GRB10,2887,0.78,0.78,0.928772602018312,NA,Constitutively High
cg07732037,MPHOSPH9,10198,0.75,0.75,0.928772602018312,NA,Constitutively High
cg04014889,MAGEL2,54551,0.62,0.63,0.928772602018312,None,Constitutively High
cg00659129,ASAP1,50807,0.84,0.81,0.928772602018312,None,Constitutively High
cg27050763,AHCTF1,25909,0.87,0.87,0.918004457760893,None,Constitutively High
cg26368842,PIP4K2A,5305,0.53,0.53,0.918004457760893,NA,Constitutively High
cg25427580,B3GALT1,8708,0.90,0.89,0.918004457760893,None,Constitutively High
cg24829483,C1QTNF7,114905,0.65,0.65,0.918004457760893,None,Constitutively High
cg24474182,P2RY13,53829,0.77,0.76,0.918004457760893,None,Constitutively High
cg24116886,DEFB127,140850,0.90,0.89,0.918004457760893,K27,Constitutively High
cg23404467,KIR3DL3,115653,0.89,0.88,0.918004457760893,NA,Constitutively High
cg20862496,SLURP1,57152,0.87,0.85,0.918004457760893,None,Constitutively High
cg20451680,ESM1,11082,0.64,0.64,0.918004457760893,None,Constitutively High
cg20349377,KLHL1,57626,0.84,0.84,0.918004457760893,NA,Constitutively High
cg18389810,TPPP2,122664,0.89,0.89,0.918004457760893,None,Constitutively High
cg17675150,ZNF532,55205,0.72,0.72,0.918004457760893,K4,Constitutively High
cg15046675,CD37,951,0.73,0.70,0.918004457760893,None,Constitutively High
cg13477510,SEPT5,5413,0.91,0.89,0.918004457760893,NA,Constitutively High
cg13468685,PLEK,5341,0.77,0.74,0.918004457760893,None,Constitutively High
cg13439299,DNAJC5G,285126,0.80,0.80,0.918004457760893,None,Constitutively High
cg12650635,AQP2,359,0.75,0.75,0.918004457760893,None,Constitutively High
cg11668512,ZHX3,23051,0.94,0.94,0.918004457760893,NA,Constitutively High
cg10062065,SPEG,10290,0.74,0.75,0.918004457760893,NA,Constitutively High
cg09996240,HMG20B,10362,0.96,0.96,0.918004457760893,K4,Constitutively High
cg09480837,PLCE1,51196,0.86,0.85,0.918004457760893,NA,Constitutively High
cg08663969,ABCG1,9619,0.91,0.92,0.918004457760893,None,Constitutively High
cg07930578,LTK,4058,0.83,0.82,0.918004457760893,NA,Constitutively High
cg06803253,GNAT1,2779,0.86,0.86,0.918004457760893,None,Constitutively High
cg04086834,SMAP1,60682,0.72,0.70,0.918004457760893,K4,Constitutively High
cg03804500,SSNA1,8636,0.87,0.87,0.918004457760893,K4,Constitutively High
cg01120307,SEMA4D,10507,0.87,0.87,0.918004457760893,None,Constitutively High
cg26976437,LY6K,54742,0.80,0.80,0.909197460028536,None,Constitutively High
cg26361780,CPB1,1360,0.87,0.86,0.909197460028536,None,Constitutively High
cg25690265,TMC5,79838,0.89,0.89,0.909197460028536,None,Constitutively High
cg24747122,GNA13,10672,0.64,0.62,0.909197460028536,NA,Constitutively High
cg24392574,CALML5,51806,0.93,0.93,0.909197460028536,None,Constitutively High
cg22214414,SYCP2,10388,0.86,0.86,0.909197460028536,K27,Constitutively High
cg21968796,C21orf70,85395,0.78,0.76,0.909197460028536,K4,Constitutively High
cg20851245,RNF25,64320,0.90,0.89,0.909197460028536,K4,Constitutively High
cg19921389,GP9,2815,0.87,0.87,0.909197460028536,None,Constitutively High
cg19393006,TSC1,7248,0.52,0.52,0.909197460028536,NA,Constitutively High
cg17095731,LRP8,7804,0.67,0.67,0.909197460028536,NA,Constitutively High
cg11845202,KRT78,196374,0.87,0.87,0.909197460028536,None,Constitutively High
cg11667117,CA5A,763,0.79,0.77,0.909197460028536,NA,Constitutively High
cg10375110,CHRNA9,55584,0.70,0.69,0.909197460028536,None,Constitutively High
cg06391660,DCTN1,1639,0.87,0.87,0.909197460028536,K4,Constitutively High
cg05200628,CD48,962,0.55,0.54,0.909197460028536,None,Constitutively High
cg03165378,S100A9,6280,0.77,0.76,0.909197460028536,None,Constitutively High
cg02706881,NCRNA00175,378832,0.79,0.78,0.909197460028536,NA,Constitutively High
cg01197831,FBP2,8789,0.80,0.79,0.909197460028536,None,Constitutively High
cg26504906,PRSS16,10279,0.67,0.66,0.899784115046286,None,Constitutively High
cg26014197,ZSCAN10,84891,0.80,0.77,0.899784115046286,None,Constitutively High
cg24126851,DCHS1,8642,0.63,0.64,0.899784115046286,NA,Constitutively High
cg20648149,SYNE2,23224,0.61,0.61,0.899784115046286,NA,Constitutively High
cg19998328,C19orf52,90580,0.52,0.50,0.899784115046286,K4,Constitutively High
cg19579782,TRDMT1,1787,0.61,0.60,0.899784115046286,K4,Constitutively High
cg19257200,SOX10,6663,0.83,0.82,0.899784115046286,K4+K27,Constitutively High
cg19109431,NFKBIE,4794,0.60,0.58,0.899784115046286,NA,Constitutively High
cg14784653,BEND7,222389,0.78,0.78,0.899784115046286,None,Constitutively High
cg14493899,TAP2,6891,0.88,0.88,0.899784115046286,NA,Constitutively High
cg14183455,MATN1,4146,0.85,0.85,0.899784115046286,None,Constitutively High
cg12694870,HPD,3242,0.76,0.76,0.899784115046286,K4,Constitutively High
cg12683641,KLK14,43847,0.83,0.82,0.899784115046286,None,Constitutively High
cg12611860,PIK3C2A,5286,0.84,0.84,0.899784115046286,None,Constitutively High
cg12347740,IL34,146433,0.81,0.81,0.899784115046286,None,Constitutively High
cg10430690,KALRN,8997,0.89,0.88,0.899784115046286,None,Constitutively High
cg07740640,BHLHA15,168620,0.95,0.95,0.899784115046286,K4,Constitutively High
cg02097420,HRG,3273,0.89,0.87,0.899784115046286,None,Constitutively High
cg01747191,C6orf182,285753,0.90,0.89,0.899784115046286,NA,Constitutively High
cg00611397,GTPBP5,26164,0.86,0.86,0.899784115046286,NA,Constitutively High
cg00138126,PMEPA1,56937,0.66,0.64,0.899784115046286,NA,Constitutively High
cg27600136,RASL11A,387496,0.71,0.69,0.89068664229416,K4+K27,Constitutively High
cg27114026,CELA1,1990,0.81,0.81,0.89068664229416,None,Constitutively High
cg26349773,ATP6V0A4,50617,0.79,0.78,0.89068664229416,K4,Constitutively High
cg24612198,CD3E,916,0.72,0.71,0.89068664229416,None,Constitutively High
cg22243733,OLFML1,283298,0.74,0.73,0.89068664229416,None,Constitutively High
cg21068030,LSMD1,84316,0.85,0.83,0.89068664229416,K4,Constitutively High
cg20972495,SEC22C,9117,0.84,0.84,0.89068664229416,NA,Constitutively High
cg20748065,POR,5447,0.80,0.80,0.89068664229416,NA,Constitutively High
cg18638931,MOV10L1,54456,0.72,0.71,0.89068664229416,None,Constitutively High
cg16627949,RNASE8,122665,0.64,0.64,0.89068664229416,None,Constitutively High
cg16519742,ZIM2,23619,0.85,0.85,0.89068664229416,NA,Constitutively High
cg15821095,RBM15B,29890,0.68,0.68,0.89068664229416,NA,Constitutively High
cg14127336,TCL1A,8115,0.83,0.80,0.89068664229416,None,Constitutively High
cg13976438,C12orf50,160419,0.81,0.81,0.89068664229416,None,Constitutively High
cg13383572,PRH1,5554,0.87,0.88,0.89068664229416,NA,Constitutively High
cg10107671,FLJ45684,400666,0.97,0.97,0.89068664229416,NA,Constitutively High
cg09044738,FAM12A,10876,0.78,0.79,0.89068664229416,None,Constitutively High
cg07221454,MS4A10,341116,0.50,0.51,0.89068664229416,None,Constitutively High
cg06003187,GUCA2A,2980,0.62,0.61,0.89068664229416,None,Constitutively High
cg04457794,CTSE,1510,0.60,0.57,0.89068664229416,None,Constitutively High
cg04057485,PTGIR,5739,0.92,0.92,0.89068664229416,None,Constitutively High
cg02261346,MPPED1,758,0.88,0.87,0.89068664229416,NA,Constitutively High
cg02077702,ISLR,3671,0.61,0.61,0.89068664229416,NA,Constitutively High
cg01946401,RUNX2,860,0.74,0.73,0.89068664229416,K4,Constitutively High
cg00323915,GIMAP4,55303,0.56,0.55,0.89068664229416,None,Constitutively High
cg00256074,MYLPF,29895,0.82,0.81,0.89068664229416,None,Constitutively High
cg26783353,SLC25A2,83884,0.95,0.95,0.88103841155297,NA,Constitutively High
cg24691453,S100A4,6275,0.65,0.64,0.88103841155297,None,Constitutively High
cg23431988,PIWIL2,55124,0.84,0.84,0.88103841155297,K4,Constitutively High
cg21244955,PI4KA,5297,0.86,0.85,0.88103841155297,NA,Constitutively High
cg20925811,MMP9,4318,0.69,0.67,0.88103841155297,None,Constitutively High
cg20789824,OLFML2A,169611,0.76,0.75,0.88103841155297,NA,Constitutively High
cg17627559,TSPAN32,10077,0.53,0.53,0.88103841155297,None,Constitutively High
cg17063201,HCRTR2,3062,0.80,0.78,0.88103841155297,NA,Constitutively High
cg16590151,SYNCRIP,10492,0.50,0.50,0.88103841155297,K4,Constitutively High
cg16356956,CSF2RB,1439,0.86,0.85,0.88103841155297,None,Constitutively High
cg16125615,CAPS,828,0.77,0.76,0.88103841155297,NA,Constitutively High
cg14808739,SREBF1,6720,0.72,0.71,0.88103841155297,NA,Constitutively High
cg13952892,SRPR,6734,0.92,0.92,0.88103841155297,K4,Constitutively High
cg09547777,CASQ1,844,0.86,0.85,0.88103841155297,None,Constitutively High
cg08632701,SETD4,54093,0.86,0.85,0.88103841155297,NA,Constitutively High
cg07380416,CD6,923,0.79,0.77,0.88103841155297,None,Constitutively High
cg04176254,AGRP,181,0.94,0.94,0.88103841155297,K4,Constitutively High
cg00415993,F2RL2,2151,0.66,0.64,0.88103841155297,None,Constitutively High
cg27461196,FXYD1,5348,0.75,0.75,0.870708562832062,None,Constitutively High
cg26832879,TFPT,29844,0.86,0.86,0.870708562832062,K4,Constitutively High
cg24110063,COX6A2,1339,0.51,0.50,0.870708562832062,K27,Constitutively High
cg20483763,CABP4,57010,0.98,0.98,0.870708562832062,None,Constitutively High
cg19945840,B3GALT6,126792,0.55,0.55,0.870708562832062,None,Constitutively High
cg19876838,KCNJ14,3770,0.65,0.63,0.870708562832062,None,Constitutively High
cg17500329,C8orf17,56988,0.96,0.96,0.870708562832062,NA,Constitutively High
cg15997411,JAK1,3716,0.90,0.90,0.870708562832062,NA,Constitutively High
cg15798530,TRPC3,7222,0.86,0.84,0.870708562832062,NA,Constitutively High
cg15603885,ABRA,137735,0.96,0.96,0.870708562832062,None,Constitutively High
cg14386312,ZNF544,27300,0.51,0.52,0.870708562832062,K4,Constitutively High
cg13765961,MS4A1,931,0.71,0.69,0.870708562832062,None,Constitutively High
cg13685294,GRM2,2912,0.95,0.93,0.870708562832062,K27,Constitutively High
cg11821702,MLANA,2315,0.84,0.82,0.870708562832062,None,Constitutively High
cg11628026,ACTL7A,10881,0.93,0.93,0.870708562832062,None,Constitutively High
cg11492403,AARSD1,80755,0.55,0.58,0.870708562832062,K4,Constitutively High
cg10328573,KRT9,3857,0.53,0.55,0.870708562832062,None,Constitutively High
cg08996986,EPS8L1,54869,0.89,0.87,0.870708562832062,NA,Constitutively High
cg08950375,COL6A3,1293,0.64,0.62,0.870708562832062,NA,Constitutively High
cg08433095,DYX1C1,161582,0.64,0.65,0.870708562832062,NA,Constitutively High
cg06213598,ABCA9,10350,0.65,0.63,0.870708562832062,NA,Constitutively High
cg04740359,NTF3,4908,0.64,0.61,0.870708562832062,None,Constitutively High
cg02717866,C11orf66,220004,0.72,0.72,0.870708562832062,None,Constitutively High
cg02229946,IL1F7,27178,0.79,0.79,0.870708562832062,NA,Constitutively High
cg01031251,RPS6KA1,6195,0.56,0.56,0.870708562832062,NA,Constitutively High
cg24929834,C22orf31,25770,0.80,0.79,0.861074689158676,None,Constitutively High
cg24924631,BCL2A1,597,0.89,0.89,0.861074689158676,NA,Constitutively High
cg23977670,H19,283120,0.74,0.71,0.861074689158676,NA,Constitutively High
cg21466821,HIPK4,147746,0.71,0.70,0.861074689158676,None,Constitutively High
cg20967028,ART4,420,0.89,0.88,0.861074689158676,None,Constitutively High
cg20895028,CDH26,60437,0.52,0.50,0.861074689158676,None,Constitutively High
cg20851097,SPTB,6710,0.59,0.58,0.861074689158676,None,Constitutively High
cg20625138,UTS2,10911,0.64,0.64,0.861074689158676,None,Constitutively High
cg19539519,PYY2,23615,0.95,0.94,0.861074689158676,NA,Constitutively High
cg18613421,WDR72,256764,0.57,0.59,0.861074689158676,K4+K27,Constitutively High
cg18390025,ELOVL3,83401,0.64,0.65,0.861074689158676,K4+K27,Constitutively High
cg16131766,MKRN3,7681,0.74,0.72,0.861074689158676,None,Constitutively High
cg16014085,ZNF48,197407,0.56,0.54,0.861074689158676,NA,Constitutively High
cg15814508,P2RY14,9934,0.59,0.57,0.861074689158676,None,Constitutively High
cg14014225,SLC16A8,23539,0.89,0.88,0.861074689158676,K4+K27,Constitutively High
cg13696887,KRT82,3888,0.93,0.90,0.861074689158676,None,Constitutively High
cg12576844,LEAP2,116842,0.84,0.84,0.861074689158676,NA,Constitutively High
cg11158430,UTS2D,257313,0.75,0.73,0.861074689158676,NA,Constitutively High
cg10784341,PHACTR2,9749,0.72,0.71,0.861074689158676,None,Constitutively High
cg09414535,GRIP1,23426,0.74,0.72,0.861074689158676,None,Constitutively High
cg09360083,THYN1,29087,0.75,0.75,0.861074689158676,K4,Constitutively High
cg09303642,NFE2,4778,0.81,0.80,0.861074689158676,NA,Constitutively High
cg08970446,SLC1A7,6512,0.95,0.95,0.861074689158676,None,Constitutively High
cg07732644,ASPA,443,0.71,0.71,0.861074689158676,NA,Constitutively High
cg07064406,YWHAB,7529,0.89,0.89,0.861074689158676,NA,Constitutively High
cg05161795,ZDHHC3,51304,0.51,0.50,0.861074689158676,K4,Constitutively High
cg03873930,ARFRP1,10139,0.71,0.71,0.861074689158676,K4,Constitutively High
cg02385474,PCNXL2,80003,0.75,0.73,0.861074689158676,NA,Constitutively High
cg02082571,CLEC4A,50856,0.85,0.84,0.861074689158676,None,Constitutively High
cg00008493,COX8C,341947,0.97,0.97,0.861074689158676,None,Constitutively High
cg26657648,IL1R1,3554,0.79,0.74,0.85200270996833,NA,Constitutively High
cg26112639,NLRP3,114548,0.61,0.61,0.85200270996833,NA,Constitutively High
cg25734864,PROZ,8858,0.55,0.53,0.85200270996833,None,Constitutively High
cg23471482,CCL22,6367,0.87,0.85,0.85200270996833,NA,Constitutively High
cg20366831,APBA3,9546,0.62,0.64,0.85200270996833,K4,Constitutively High
cg18508525,CD36,948,0.83,0.77,0.85200270996833,NA,Constitutively High
cg17791936,SLC37A4,2542,0.74,0.69,0.85200270996833,NA,Constitutively High
cg16911220,KRT86,3892,0.78,0.78,0.85200270996833,NA,Constitutively High
cg15544721,PPP1R9A,55607,0.60,0.58,0.85200270996833,K4,Constitutively High
cg15186584,C9orf24,84688,0.88,0.88,0.85200270996833,None,Constitutively High
cg15171237,CASP3,836,0.87,0.87,0.85200270996833,K4,Constitutively High
cg14386061,DOK2,9046,0.66,0.64,0.85200270996833,None,Constitutively High
cg13354523,CLEC1A,51267,0.70,0.72,0.85200270996833,None,Constitutively High
cg12380854,LRRC46,90506,0.75,0.74,0.85200270996833,K4,Constitutively High
cg09015232,SLC12A5,57468,0.55,0.53,0.85200270996833,NA,Constitutively High
cg07499372,USP29,57663,0.96,0.96,0.85200270996833,None,Constitutively High
cg06200339,SOX30,11063,0.89,0.87,0.85200270996833,None,Constitutively High
cg05184394,FAM123C,205147,0.67,0.67,0.85200270996833,K4+K27,Constitutively High
cg02164386,HIGD1B,51751,0.61,0.60,0.85200270996833,None,Constitutively High
cg26220985,DPT,1805,0.69,0.69,0.841352104981953,None,Constitutively High
cg26025891,PSTPIP1,9051,0.52,0.50,0.841352104981953,None,Constitutively High
cg25414165,C10orf11,83938,0.72,0.70,0.841352104981953,None,Constitutively High
cg23022999,RINL,126432,0.67,0.63,0.841352104981953,None,Constitutively High
cg20804101,SLC6A13,6540,0.52,0.52,0.841352104981953,None,Constitutively High
cg20526800,FAM83C,128876,0.57,0.56,0.841352104981953,NA,Constitutively High
cg19636871,LDHAL6B,92483,0.91,0.90,0.841352104981953,None,Constitutively High
cg17518965,S1PR4,8698,0.78,0.77,0.841352104981953,None,Constitutively High
cg17384214,C6orf48,50854,0.86,0.86,0.841352104981953,NA,Constitutively High
cg15516226,BTNL9,153579,0.90,0.90,0.841352104981953,None,Constitutively High
cg10935064,SYCP3,50511,0.98,0.98,0.841352104981953,None,Constitutively High
cg10157098,FAM71F1,84691,0.76,0.74,0.841352104981953,None,Constitutively High
cg08377000,TIGD2,166815,0.81,0.80,0.841352104981953,K4,Constitutively High
cg07374928,FAM118B,79607,0.85,0.85,0.841352104981953,NA,Constitutively High
cg05721199,SAMD7,344658,0.79,0.79,0.841352104981953,None,Constitutively High
cg01169610,INPP4A,3631,0.91,0.92,0.841352104981953,NA,Constitutively High
cg27056145,ATG7,10533,0.92,0.92,0.830955987314713,NA,Constitutively High
cg25203980,ACAP3,116983,0.91,0.88,0.830955987314713,None,Constitutively High
cg21750589,ZNF323,64288,0.58,0.58,0.830955987314713,None,Constitutively High
cg20519035,FAM83H,286077,0.92,0.92,0.830955987314713,NA,Constitutively High
cg20202438,NPPA,4878,0.64,0.63,0.830955987314713,None,Constitutively High
cg20189782,C5orf40,408263,0.85,0.84,0.830955987314713,None,Constitutively High
cg19881895,SLC43A3,29015,0.86,0.86,0.830955987314713,NA,Constitutively High
cg17250929,S100A5,6276,0.79,0.78,0.830955987314713,None,Constitutively High
cg13550877,C14orf148,122945,0.90,0.89,0.830955987314713,NA,Constitutively High
cg13214422,MYOZ3,91977,0.79,0.78,0.830955987314713,None,Constitutively High
cg12894984,PNMT,5409,0.62,0.62,0.830955987314713,NA,Constitutively High
cg12467090,PIK3C2B,5287,0.81,0.81,0.830955987314713,None,Constitutively High
cg11540997,DUOX2,50506,0.67,0.66,0.830955987314713,K4+K27,Constitutively High
cg11505048,APOBEC4,403314,0.52,0.52,0.830955987314713,None,Constitutively High
cg11063110,CPA5,93979,0.64,0.64,0.830955987314713,None,Constitutively High
cg09893068,CCDC17,149483,0.75,0.75,0.830955987314713,None,Constitutively High
cg09457245,ZNF385A,25946,0.69,0.68,0.830955987314713,None,Constitutively High
cg08256691,RIT1,6016,0.55,0.53,0.830955987314713,NA,Constitutively High
cg05646865,SLFNL1,200172,0.90,0.90,0.830955987314713,None,Constitutively High
cg01169624,SGCE,8910,0.56,0.54,0.830955987314713,K4,Constitutively High
cg00623593,DOCK1,1793,0.77,0.77,0.830955987314713,NA,Constitutively High
cg00548060,NPL,80896,0.82,0.82,0.830955987314713,None,Constitutively High
cg27459381,CHST12,55501,0.89,0.89,0.820273356812635,NA,Constitutively High
cg27100123,SERPINB8,5271,0.55,0.52,0.820273356812635,K4,Constitutively High
cg26770281,FIZ1,84922,0.92,0.92,0.820273356812635,K4,Constitutively High
cg23901896,ELF3,1999,0.64,0.64,0.820273356812635,NA,Constitutively High
cg23680518,SBSN,374897,0.80,0.81,0.820273356812635,NA,Constitutively High
cg23323879,CILP,8483,0.79,0.80,0.820273356812635,NA,Constitutively High
cg22416721,DMP1,1758,0.81,0.76,0.820273356812635,NA,Constitutively High
cg19035993,C22orf30,253143,0.93,0.93,0.820273356812635,None,Constitutively High
cg16297030,AGXT2,64902,0.73,0.71,0.820273356812635,None,Constitutively High
cg14283939,THSD4,79875,0.91,0.92,0.820273356812635,NA,Constitutively High
cg13525683,TIAF1,9220,0.82,0.83,0.820273356812635,None,Constitutively High
cg13162577,C11orf42,160298,0.91,0.91,0.820273356812635,None,Constitutively High
cg12268344,PRM1,5619,0.82,0.82,0.820273356812635,None,Constitutively High
cg11554937,HSD17B3,3293,0.90,0.91,0.820273356812635,None,Constitutively High
cg11406340,IDI2,91734,0.82,0.82,0.820273356812635,None,Constitutively High
cg11254522,FGR,2268,0.87,0.87,0.820273356812635,NA,Constitutively High
cg08035082,AMPD3,272,0.91,0.90,0.820273356812635,NA,Constitutively High
cg05950276,TMTC4,84899,0.85,0.85,0.820273356812635,NA,Constitutively High
cg05330360,ZPBP2,124626,0.58,0.59,0.820273356812635,None,Constitutively High
cg04167867,MORC1,27136,0.93,0.92,0.820273356812635,None,Constitutively High
cg03721967,GRTP1,79774,0.90,0.90,0.820273356812635,NA,Constitutively High
cg01026744,NAP1L5,266812,0.67,0.68,0.820273356812635,K4,Constitutively High
cg27476329,GOLGA2L1,55592,0.83,0.83,0.80953743747129,None,Constitutively High
cg27442349,NFKBIB,4793,0.77,0.77,0.80953743747129,K4,Constitutively High
cg26267561,OXT,5020,0.89,0.89,0.80953743747129,K4+K27,Constitutively High
cg26221491,C20orf173,140873,0.85,0.85,0.80953743747129,NA,Constitutively High
cg25464840,FRMD4A,55691,0.52,0.51,0.80953743747129,None,Constitutively High
cg25162794,ANKRD23,200539,0.85,0.85,0.80953743747129,None,Constitutively High
cg23953831,CD101,9398,0.59,0.61,0.80953743747129,None,Constitutively High
cg21644628,HEATR3,55027,0.85,0.85,0.80953743747129,K4,Constitutively High
cg21400896,ABI3,51225,0.65,0.66,0.80953743747129,K4,Constitutively High
cg18989919,C3orf36,80111,0.88,0.87,0.80953743747129,K4+K27,Constitutively High
cg17264470,FGF21,26291,0.86,0.85,0.80953743747129,None,Constitutively High
cg16466334,MMP3,4314,0.71,0.69,0.80953743747129,None,Constitutively High
cg12216205,SFRS18,25957,0.87,0.87,0.80953743747129,NA,Constitutively High
cg11998307,SCARF1,8578,0.86,0.86,0.80953743747129,None,Constitutively High
cg10787197,C6orf105,84830,0.52,0.54,0.80953743747129,NA,Constitutively High
cg10618882,LRRC25,126364,0.73,0.73,0.80953743747129,NA,Constitutively High
cg09944526,EXOC6,54536,0.60,0.60,0.80953743747129,None,Constitutively High
cg09326702,SLC22A11,55867,0.63,0.62,0.80953743747129,None,Constitutively High
cg07260017,CSF1R,1436,0.71,0.72,0.80953743747129,None,Constitutively High
cg06312477,PRSS38,339501,0.82,0.82,0.80953743747129,None,Constitutively High
cg03136712,DND1,373863,0.95,0.95,0.80953743747129,None,Constitutively High
cg02582754,MAS1,4142,0.91,0.90,0.80953743747129,NA,Constitutively High
cg02510853,PKMYT1,9088,0.57,0.56,0.80953743747129,NA,Constitutively High
cg01889448,HLA-DQB1,3119,0.60,0.59,0.80953743747129,NA,Constitutively High
cg00859655,CYB5R2,51700,0.71,0.71,0.80953743747129,K4,Constitutively High
cg00295325,ABCB11,8647,0.76,0.73,0.80953743747129,None,Constitutively High
cg27550918,SYNPO2L,79933,0.77,0.77,0.798438917718794,None,Constitutively High
cg24661752,AP2M1,1173,0.87,0.87,0.798438917718794,NA,Constitutively High
cg23807646,SLC26A8,116369,0.69,0.67,0.798438917718794,K4,Constitutively High
cg22082462,CPNE6,9362,0.77,0.78,0.798438917718794,None,Constitutively High
cg20256783,KRT75,9119,0.88,0.86,0.798438917718794,None,Constitutively High
cg19776453,CEACAM1,634,0.80,0.79,0.798438917718794,NA,Constitutively High
cg17974185,CTNNBL1,56259,0.62,0.64,0.798438917718794,K4,Constitutively High
cg17192247,MAPRE3,22924,0.58,0.56,0.798438917718794,K4,Constitutively High
cg17122311,IL27,246778,0.83,0.84,0.798438917718794,None,Constitutively High
cg16068833,CD52,1043,0.68,0.67,0.798438917718794,None,Constitutively High
cg15836722,IL1B,3553,0.65,0.66,0.798438917718794,None,Constitutively High
cg14913610,KLRG1,10219,0.77,0.72,0.798438917718794,None,Constitutively High
cg12274567,SH2D1B,117157,0.86,0.86,0.798438917718794,None,Constitutively High
cg11450827,CLDN5,7122,0.70,0.69,0.798438917718794,K4,Constitutively High
cg10694914,POU2AF1,5450,0.69,0.70,0.798438917718794,None,Constitutively High
cg08032971,DMBX1,127343,0.78,0.77,0.798438917718794,None,Constitutively High
cg06730286,IFT140,9742,0.82,0.82,0.798438917718794,None,Constitutively High
cg02126424,CTRL,1506,0.90,0.90,0.798438917718794,None,Constitutively High
cg01227741,GIMAP7,168537,0.91,0.88,0.798438917718794,NA,Constitutively High
cg27533013,KCNRG,283518,0.84,0.85,0.78743486496062,NA,Constitutively High
cg26478992,ASPN,54829,0.89,0.89,0.78743486496062,NA,Constitutively High
cg25934198,C9orf139,401563,0.82,0.82,0.78743486496062,NA,Constitutively High
cg24977027,THNSL2,55258,0.58,0.56,0.78743486496062,K4,Constitutively High
cg22941086,C12orf40,283461,0.88,0.87,0.78743486496062,None,Constitutively High
cg22322184,RETN,56729,0.68,0.67,0.78743486496062,K4,Constitutively High
cg21489873,C9orf45,81571,0.91,0.90,0.78743486496062,NA,Constitutively High
cg21453309,FAM101A,144347,0.68,0.68,0.78743486496062,None,Constitutively High
cg21378206,IL1F5,26525,0.94,0.94,0.78743486496062,None,Constitutively High
cg21274025,PLA2G3,50487,0.74,0.74,0.78743486496062,K4,Constitutively High
cg20655558,DNAJB7,150353,0.92,0.92,0.78743486496062,None,Constitutively High
cg18466173,C21orf93,246704,0.81,0.79,0.78743486496062,NA,Constitutively High
cg16788436,GRLF1,2909,0.96,0.95,0.78743486496062,None,Constitutively High
cg15896447,CHMP4A,29082,0.87,0.87,0.78743486496062,K4,Constitutively High
cg15847988,PLSCR2,57047,0.89,0.89,0.78743486496062,None,Constitutively High
cg12332316,F12,2161,0.94,0.93,0.78743486496062,None,Constitutively High
cg11466837,TRIM29,23650,0.81,0.81,0.78743486496062,NA,Constitutively High
cg08615333,TGFB3,7043,0.70,0.72,0.78743486496062,K4,Constitutively High
cg07484450,C11orf64,283197,0.75,0.74,0.78743486496062,NA,Constitutively High
cg06026755,HAUS2,55142,0.89,0.89,0.78743486496062,K4,Constitutively High
cg04748010,POU6F2,11281,0.50,0.52,0.78743486496062,None,Constitutively High
cg04106785,CDK5R1,8851,0.75,0.73,0.78743486496062,NA,Constitutively High
cg00730260,C12orf67,144360,0.89,0.89,0.78743486496062,None,Constitutively High
cg27589921,CIAPIN1,57019,0.91,0.92,0.776796886841367,NA,Constitutively High
cg24541550,MRVI1,10335,0.61,0.59,0.776796886841367,None,Constitutively High
cg21375825,LCT,3938,0.75,0.76,0.776796886841367,None,Constitutively High
cg20858526,CTRC,11330,0.58,0.56,0.776796886841367,None,Constitutively High
cg19393233,ERV3,2086,0.82,0.83,0.776796886841367,NA,Constitutively High
cg18109798,SLCO1C1,53919,0.61,0.58,0.776796886841367,None,Constitutively High
cg14378480,DNASE2B,58511,0.85,0.86,0.776796886841367,None,Constitutively High
cg14324838,EPB41L1,2036,0.86,0.85,0.776796886841367,None,Constitutively High
cg13379763,CCDC108,255101,0.79,0.77,0.776796886841367,NA,Constitutively High
cg13224710,TGIF1,7050,0.79,0.77,0.776796886841367,None,Constitutively High
cg11630392,GPR171,29909,0.72,0.70,0.776796886841367,None,Constitutively High
cg11532513,LRTM1,57408,0.81,0.77,0.776796886841367,None,Constitutively High
cg11286122,PHLDB1,23187,0.74,0.73,0.776796886841367,K4+K27,Constitutively High
cg09217923,TAAR2,9287,0.85,0.84,0.776796886841367,None,Constitutively High
cg07753644,P2RY11,5032,0.53,0.51,0.776796886841367,None,Constitutively High
cg05819268,CACNG1,786,0.96,0.97,0.776796886841367,None,Constitutively High
cg03584646,TBC1D8,11138,0.85,0.84,0.776796886841367,NA,Constitutively High
cg03243506,TMC2,117532,0.81,0.80,0.776796886841367,None,Constitutively High
cg03003256,FAM26D,221301,0.68,0.67,0.776796886841367,NA,Constitutively High
cg02910574,CHMP1A,5119,0.57,0.55,0.776796886841367,K4,Constitutively High